pair,fold,train_start,train_end,test_start,test_end,n_trades,win_rate,CAGR,Vol,Sharpe,MaxDD,FinalEquity
HEROMOTOCO__EICHERMOT,0,2015-05-29,2019-05-29,2019-05-29,2019-11-29,3.0,0.3333333333333333,-0.04754337213234672,0.04382176035930732,-1.0897380015203553,-0.03381398270835845,195263.24166296003
HEROMOTOCO__EICHERMOT,1,2015-05-29,2019-11-29,2019-11-29,2020-05-29,2.0,0.5,-0.005455390643718361,0.0937437619206213,-0.011928004597384427,-0.04608442481206276,194746.8038742511
HEROMOTOCO__EICHERMOT,2,2015-05-29,2020-05-29,2020-05-29,2020-11-29,3.0,0.6666666666666666,0.0058153217440688465,0.04647402597116502,0.1478735147323023,-0.049474089631057594,195330.21791406343
HEROMOTOCO__EICHERMOT,3,2015-05-29,2020-11-29,2020-11-29,2021-05-29,1.0,0.0,-0.03662588704587977,0.022244117686036062,-1.6662802186682668,-0.024792038933237226,191833.36427406032
HEROMOTOCO__EICHERMOT,4,2015-05-29,2021-05-29,2021-05-29,2021-11-29,0.0,,0.0,0.0,0.0,0.0,191833.36427406032
HEROMOTOCO__EICHERMOT,5,2015-05-29,2021-11-29,2021-11-29,2022-05-29,1.0,1.0,0.007856497167148646,0.01304298838173951,0.606478669294705,-0.008691206985107613,192573.49808494543
HEROMOTOCO__EICHERMOT,6,2015-05-29,2022-05-29,2022-05-29,2022-11-29,1.0,0.0,-0.0901468801026889,0.033682336773905544,-2.787544533096727,-0.04916350310073958,183619.7329231624
HEROMOTOCO__EICHERMOT,7,2015-05-29,2022-11-29,2022-11-29,2023-05-29,0.0,,-0.014382789486646508,0.007729714257381434,-1.8703271325800073,-0.007364901120715195,182325.91091583436
HEROMOTOCO__EICHERMOT,8,2015-05-29,2023-05-29,2023-05-29,2023-11-29,0.0,,0.0,0.0,0.0,0.0,182325.91091583436
HEROMOTOCO__EICHERMOT,9,2015-05-29,2023-11-29,2023-11-29,2024-05-29,1.0,0.0,-0.09293070316665741,0.03960538470443077,-2.44255535063006,-0.04709718563882892,173983.9122861333
HEROMOTOCO__EICHERMOT,10,2015-05-29,2024-05-29,2024-05-29,2024-11-29,1.0,0.0,-0.022058789657824263,0.017406742221042427,-1.2727428158694414,-0.012856004714761782,172039.04564276946
HEROMOTOCO__EICHERMOT,11,2015-05-29,2024-11-29,2024-11-29,2024-12-31,1.0,1.0,0.37643736342238676,0.04860407464004773,6.600849022794069,-0.0061524606898955,176905.23439761752
HDFCBANK__KOTAKBANK,0,2015-05-29,2019-05-29,2019-05-29,2019-11-29,2.0,0.0,-0.08491736335442901,0.04609920511642699,-1.9017309378609015,-0.04713343079480081,191454.6961848627
HDFCBANK__KOTAKBANK,1,2015-05-29,2019-11-29,2019-11-29,2020-05-29,1.0,1.0,0.039035973392143264,0.034496780350439675,1.1272660765575364,-0.015440890450150846,195037.14815556566
HDFCBANK__KOTAKBANK,2,2015-05-29,2020-05-29,2020-05-29,2020-11-29,2.0,0.0,-0.02073389451361174,0.035133502442832254,-0.5789392221589954,-0.029505727428428496,192940.44085468855
HDFCBANK__KOTAKBANK,3,2015-05-29,2020-11-29,2020-11-29,2021-05-29,4.0,0.25,-0.10178870497726522,0.041691825045820224,-2.5535603373796043,-0.05516547071754763,183169.24113487592
HDFCBANK__KOTAKBANK,4,2015-05-29,2021-05-29,2021-05-29,2021-11-29,3.0,0.3333333333333333,-0.03822934411881096,0.03366289178437411,-1.1411423077086849,-0.03696587619575831,179633.90349805707
HDFCBANK__KOTAKBANK,5,2015-05-29,2021-11-29,2021-11-29,2022-05-29,1.0,1.0,0.01945837211183976,0.0211895208083851,0.9200074161955534,-0.013817128540288826,181345.4364946821
HDFCBANK__KOTAKBANK,6,2015-05-29,2022-05-29,2022-05-29,2022-11-29,2.0,0.5,-0.00580096989283907,0.03607869026530457,-0.1433178981986814,-0.02189898995361894,180814.5072854082
HDFCBANK__KOTAKBANK,7,2015-05-29,2022-11-29,2022-11-29,2023-05-29,1.0,0.0,-0.042077269708029275,0.03272763744433758,-1.2971590065095917,-0.026219358439041884,177060.1255365005
HDFCBANK__KOTAKBANK,8,2015-05-29,2023-05-29,2023-05-29,2023-11-29,2.0,1.0,0.048027408789287795,0.038088369547258034,1.2505650897400824,-0.017254715728099113,181262.13381476232
HDFCBANK__KOTAKBANK,9,2015-05-29,2023-11-29,2023-11-29,2024-05-29,0.0,,0.0,0.0,0.0,0.0,181262.13381476232
HDFCBANK__KOTAKBANK,10,2015-05-29,2024-05-29,2024-05-29,2024-11-29,1.0,0.0,-0.0064987946594546875,0.010943226877519138,-0.5903587133837699,-0.00613743505488884,180667.5065869336
HDFCBANK__KOTAKBANK,11,2015-05-29,2024-11-29,2024-11-29,2024-12-31,0.0,,0.0,0.0,0.0,0.0,180667.5065869336
INFY__HCLTECH,0,2015-05-29,2019-05-29,2019-05-29,2019-11-29,0.0,,0.0,0.0,0.0,0.0,200000.0
INFY__HCLTECH,1,2015-05-29,2019-11-29,2019-11-29,2020-05-29,1.0,1.0,0.0304287637236329,0.05444517475838165,0.5775441442074715,-0.017080525790113432,202923.5015937244
INFY__HCLTECH,2,2015-05-29,2020-05-29,2020-05-29,2020-11-29,2.0,0.0,-0.16258279698824252,0.0658215207855084,-2.6614656995817634,-0.09125600638127873,185174.05720272835
INFY__HCLTECH,3,2015-05-29,2020-11-29,2020-11-29,2021-05-29,0.0,,0.0,0.0,0.0,0.0,185174.05720272835
INFY__HCLTECH,4,2015-05-29,2021-05-29,2021-05-29,2021-11-29,0.0,,0.0,0.0,0.0,0.0,185174.05720272835
INFY__HCLTECH,5,2015-05-29,2021-11-29,2021-11-29,2022-05-29,0.0,,0.0,0.0,0.0,0.0,185174.05720272835
INFY__HCLTECH,6,2015-05-29,2022-05-29,2022-05-29,2022-11-29,0.0,,0.0,0.0,0.0,0.0,185174.05720272835
INFY__HCLTECH,7,2015-05-29,2022-11-29,2022-11-29,2023-05-29,2.0,0.5,0.027351708961149246,0.05440267393970316,0.523024395893126,-0.03266828818953682,187629.1030027567
INFY__HCLTECH,8,2015-05-29,2023-05-29,2023-05-29,2023-11-29,0.0,,0.0,0.0,0.0,0.0,187629.1030027567
INFY__HCLTECH,9,2015-05-29,2023-11-29,2023-11-29,2024-05-29,1.0,0.0,-0.02519655114027286,0.021957033019796447,-1.1512745532094748,-0.017966444444290186,185344.0422597635
INFY__HCLTECH,10,2015-05-29,2024-05-29,2024-05-29,2024-11-29,0.0,,-0.08415655005247313,0.03425402310265582,-2.548896743726983,-0.04614032975286442,177311.84522636604
INFY__HCLTECH,11,2015-05-29,2024-11-29,2024-11-29,2024-12-31,0.0,,0.0,0.0,0.0,0.0,177311.84522636604
HDFCBANK__KOTAKBANK,ALL,,,,,19.0,0.3157894736842105,-0.01835304315046038,0.03266218154322288,-0.5507729990893369,-0.11963166546043325,180667.5065869336
HEROMOTOCO__EICHERMOT,ALL,,,,,14.0,0.35714285714285715,-0.022109973372353653,0.03900684802646933,-0.553672745648293,-0.153874915292585,176905.23439761752
INFY__HCLTECH,ALL,,,,,6.0,0.3333333333333333,-0.021700808022485307,0.032974581063276276,-0.6487311679441365,-0.1392906063224778,177311.84522636604
PORTFOLIO,ALL,,,,,,,-0.020714776169278082,0.020771133994598564,-0.9973337835809,-0.12048606822412222,534884.5862109177
